ID,Exact Text Response,Assigned Themes,Empirical Rationale / Multi-Theme Mapping
1,เครื่องมือที่ช่วยวิเคราะห์ สำรวจข้อมูลเบื้องต้นอย่างครบถ้วน รอบด้านและรองรับข้อมูลขนาดใหญ่มากๆได้ รวมถึงทำความสะอาดข้อมูลให้พร้อมใช้ทำโมเดล,All-in-One Platforms; Data Mgmt & Quality,Requests an all-inclusive tool that handles exploratory analysis alongside scalable large-scale data cleaning for modeling preparation.
2,เครื่องมือที่สามารถสำรองข้อมูลได้ในปริมาณมาก,Data Mgmt & Quality,Strictly focused on scalable structural data management (backups).
3,code ง่าย,Visual Coding & IDEs,Focuses on developer experience (DX) and simplifying code execution.
4,เครื่องมือที่สามารถแสดงให้เห็น dependency ในการทำงานระหว่างทีมได้,Software Eng & MLOps,Maps to software configuration management and cross-team dependency tracking.
5,All in one Framework ที่ทำทุก Process ได้ใน Framework เดียว,All-in-One Platforms,Explicit request for a unified framework to eliminate pipeline fragmentation.
6,เครื่องที่ช่วยให้ deploy model ได้ง่ายๆ ลดเวลา,Software Eng & MLOps,Targets the reduction of cycle time during production model deployment.
7,Dataiku,All-in-One Platforms,Identifies a specific enterprise end-to-end data science lifecycle platform (Dataiku).
8,sql version control,Software Eng & MLOps,Directly requests standard software engineering version control applied to relational database scripts.
9,Model comparing,Visualization & Reporting,Focuses on metrics comparison outputs during evaluation.
10,Present Dream,Visualization & Reporting,Targets presentation and stakeholder delivery outputs.
11,Dream Report,Visualization & Reporting,Focuses on automated artifact generation (reporting).
12,คิดว่าตัวเองยังรู้สึกเครื่องมือด้าน SE ไม่มากพอมากกว่า ฟังดูมีเครื่องมือน่าลองใช้เยอะมาก แต่เพิ่งเคยได้ยินตอนที่ทำแบบสอบถาม อยากให้มีการจัดอบรมการใช้ SE ในการทำ DS,Software Eng & MLOps,Highlights a knowledge gap and demands Software Engineering upskilling for data science practitioners.
13,Message Queue ใช้ในการจัดการข้อมูลปริมาณมาก,Data Mgmt & Quality; Software Eng & MLOps,"Mentions message queues—an architectural engineering system pattern used for scalable, asynchronous data ingestion pipelines."
14,ai integration,AI & Automation,Broad request for incorporating intelligent features.
15,Akkio,AI & Automation; All-in-One Platforms,"Points to Akkio, an existing commercial no-code platform optimized for automated end-to-end predictive workflows."
16,เครื่องมือที่อยากได้คือ AI assistant ที่สามารถทำการวิเคราะห์ข้อมูลอย่างเป็นอัตโนมัติ และมีความสามารถในการเรียนรู้เพื่อปรับปรุงตนเองตามการใช้งานของผู้ใช้ จะช่วยสร้างสรรค์และปรับปรุงวิธีการทำงานให้มีประสิทธิภาพมากยิ่งขึ้นตามความต้องการได้ จะเป็นเครื่องมือที่เปลี่ยนแปลงวิธีการทำงานอย่างรวดเร็วและมีประสิทธิภาพมากขึ้นในการจัดการข้อมูลและการตัดสินใจ,AI & Automation; All-in-One Platforms,Requests an autonomous AI assistant acting as an all-encompassing platform overseeing data analysis through to strategic decision making.
17,ไม่มี,No Specific Tool / Feedback,Indicated absence of a specific tool idea.
18,Auto discovery hidden data relationship and deduplicate finding,AI & Automation; Data Mgmt & Quality,Merges autonomous pattern discovery (AI) with database cleansing operations (deduplication).
19,dream tool ที่สามารถจัดการข้อมูลด้านการขายสินค้าและบริการของธุรกิจต่างๆ,Data Mgmt & Quality,Focuses on business domain data storage and operational organization.
20,เครื่องมือที่สามารถทำการตรวจสอบและประเมินความน่าเชื่อถือของข้อมูลได้อย่างอัตโนมัติ โดยเกี่ยวกับ consistency ใน database,Data Mgmt & Quality; AI & Automation,Demands automated assessment of relational database consistency and data reliability metrics.
21,Airflow,Software Eng & MLOps; Data Mgmt & Quality,"Refers to Apache Airflow, a standard software engineering ecosystem tool for programmatic pipeline orchestration and workflow management."
22,1) Auto convert prototype to production: data scientists สามารถสร้าง prototype app ขึ้นมาได้แต่อาจไม่ถูกต้องตามหลักการพัฒนา software และมีช่องโหว่ด้าน security การหาบุคลากร ML engineer การสื่อสารกับ IT การต้อง reimplement ใช้เวลา  2) Auto summary data quality problems and root causes: สามารถ capture ความผิดปกติแบบ multivariate ได้ (ไม่ใช่แค่ univariate outlier) และสามารถสรุป root cause ของ data quality problem ได้,AI & Automation; Software Eng & MLOps; Data Mgmt & Quality,"Highly Multi-thematic: Demands automated translation from experimental script to safe production environments (MLOps), while also requiring automated multivariate data observability."
23,"Thinking about the generative AI that supports the engineers in automatically provisioning the infrastructure and pipelines with cost|time efficiency, for example converting prompts to the scripts of Infrastructure as Code (IAC).",AI & Automation; Software Eng & MLOps,Explores using Generative AI specifically to synthesize standard Software Engineering assets like Infrastructure as Code (IaC) scripts.
24,เครื่องมือด้าน Data Observability,Data Mgmt & Quality; Software Eng & MLOps,Data observability applies DevOps monitoring philosophy directly to data system lifecycles.
25,ไม่ทราบ,No Specific Tool / Feedback,Explicit stated they did not know.
26,ยังไม่มี,No Specific Tool / Feedback,Noted that no such tool is conceptualized yet.
27,open-source tool ที่เราสามารถ customize component ได้เองว่าจะใช้ tool ตัวไหนกับ data science process ต่างๆ (เช่น เราสามารถกำหนดโปรเจคขึ้นมา แล้วเลือกให้มี tableau สำหรับขั้นตอน visualization / dashboard และมี jupyter notebook สำหรับการสร้าง ML model แบบที่เราสามารถ customize เองได้),All-in-One Platforms; Visual Coding & IDEs,"Demands a modular, customizable end-to-end sandbox platform that integrates multiple separate software components into a singular process workspace."
28,แปลง business requirement เป็น code,AI & Automation; Visual Coding & IDEs,"Targets automatic requirement compilation and translation directly into code scripts, lowering development friction."
29,Intellij but on web like databricks,Visual Coding & IDEs; Software Eng & MLOps,"Requests embedding a robust, heavy-duty software engineering IDE (IntelliJ) directly into cloud-based data environments."
30,SQL TECH CODING ADVANCE,Visual Coding & IDEs,Targets advanced features within code/query editors.
31,"Dream Tool for Data Science: Unified Data Science Ecosystem (UDE)  Overview:  The Unified Data Science Ecosystem (UDE) would be an all-in-one, seamlessly integrated platform designed to address the comprehensive needs of data scientists, data engineers, and machine learning practitioners. This tool would unify the entire data science workflow, from data ingestion and cleaning to model deployment and monitoring, within a single, cohesive interface.    Key Features:  Integrated Data Pipeline Management    Automated ETL Processes: Simplified drag-and-drop interface for designing data pipelines with built-in connectors for popular data sources (databases, APIs, cloud storage).  Real-Time Data Processing: Capabilities for handling streaming data and real-time analytics.  Advanced Data Cleaning and Preprocessing    Smart Suggestions: AI-powered recommendations for data cleaning and preprocessing steps based on dataset characteristics.  Interactive Data Wrangling: Intuitive tools for handling missing values, outliers, and data transformation with visual feedback.  Unified Development Environment    Code and No-Code Options: Support for both traditional coding (Python, R, SQL) and no-code/low-code interfaces for users with different expertise levels.  Collaborative Notebooks: Real-time collaboration features in Jupyter-like notebooks with version control and commenting.  Comprehensive Model Development and Evaluation    Automated Machine Learning (AutoML): Tools to automatically select, train, and tune machine learning models.  Custom Model Support: Flexibility to build and integrate custom models using popular frameworks (TensorFlow, PyTorch, Scikit-learn).  Explainability and Interpretability: Built-in tools for model interpretability and explainability, such as SHAP values and LIME.  Seamless Deployment and Monitoring    One-Click Deployment: Easy deployment to various environments (cloud, on-premises, edge) with minimal configuration.  Continuous Integration/Continuous Deployment (CI/CD): Integrated CI/CD pipelines for model updates and retraining.  Monitoring and Alerting: Real-time monitoring of model performance with alerts for data drift, performance degradation, and anomalies.  End-to-End Security and Compliance    Data Privacy and Governance: Tools for data masking, anonymization, and compliance with regulations like GDPR and CCPA.  Role-Based Access Control (RBAC): Fine-grained access control to ensure data security and integrity.  Knowledge Sharing and Collaboration    Project Management: Features for managing projects, tasks, and timelines within the platform.  Knowledge Repository: Centralized repository for storing and sharing code, models, datasets, and documentation.  Scalability and Performance    Elastic Compute Resources: Automatically scalable resources to handle varying workloads and large datasets.  Optimized Performance: Efficient execution of data processing and model training tasks, leveraging parallel computing and hardware acceleration.    Explanation:  The Unified Data Science Ecosystem (UDE) would revolutionize the data science workflow by providing a single platform that addresses all the challenges faced by data professionals. Current tools often require piecing together multiple disparate solutions, leading to inefficiencies and integration issues. UDE would streamline the entire process, enhance collaboration, ensure data security, and ultimately accelerate the path from data to insights.",All-in-One Platforms; AI & Automation; Data Mgmt & Quality; Software Eng & MLOps; Visualization & Reporting,"Universal Multi-theme Response: Explicitly designs a holistic ecosystem that satisfies every branch of software engineering and data science—covering data management, automation, visual interfaces, continuous deployment, and reporting modules."
32,good,No Specific Tool / Feedback,General positive response filler.
33,Good,No Specific Tool / Feedback,General positive response filler.
34,good,No Specific Tool / Feedback,General positive response filler.
35,good,No Specific Tool / Feedback,General positive response filler.
36,Good,No Specific Tool / Feedback,General positive response filler.
37,good,No Specific Tool / Feedback,General positive response filler.
38,To make our process as easy as possible,All-in-One Platforms,"Broad goal statement pointing towards friction-free, holistic workflow management."
39,"My dream tool for data science would be DataSynth Maestro. It would seamlessly integrate intelligent data generation, automated cleaning, advanced transformation pipelines, interactive visualization, and end-to-end model deployment. This all-in-one platform would enhance efficiency, ensure data quality, and foster collaboration, making complex data science workflows simpler and more effective.",All-in-One Platforms; AI & Automation; Data Mgmt & Quality; Software Eng & MLOps; Visualization & Reporting,"Highly Multi-thematic: Explicitly bridges generation, transformation, automated tracking, graphics execution, and production target deployment inside an unified framework."
40,"I'd like a visual tool where it is possible to code the single functions used during the data science process and connect/disconnect them together quickly by just clicking on them inside the tool. For example, I'd like to have three blocks like this: [input data] -> [remove missing values] -> [output data] where the [remove missing values] is a module, written by me, where I can implement different methods to perform the task and I can easily switch between them to see the effect on the output data (in this case, how many rows get removed) operating through a graphic interface.",Visual Coding & IDEs; Software Eng & MLOps,Asks for a graphical node-based UI system while maintaining low-level software engineering control via custom functional modules.
41,"Probably, my dream tool would be an advanced AI-powered evaluation system that can analyze multiple outputs generated by various models in response to user queries, and determine which results are the most relevant",AI & Automation; Visualization & Reporting,Leverages artificial intelligence for post-modeling evaluation metrics and systematic output relevancy testing.
42,"If I were to dream up a tool for data science, it would be an AI-powered data exploration and feature engineering assistant. This tool would intelligently analyze raw datasets, automatically identifying relevant patterns, correlations, and outliers. It would suggest and generate meaningful features based on the data's inherent characteristics and domain-specific knowledge, significantly reducing the time and effort required for feature engineering. Additionally, it would provide interactive visualizations and intuitive explanations to aid data scientists in understanding and interpreting the data more effectively. Essentially, this dream tool would streamline the initial stages of data preprocessing and exploration, empowering data scientists to focus more on modeling and insights generation.",AI & Automation; Data Mgmt & Quality; Visualization & Reporting,Combines automated AI processing for feature extraction and early dataset exploration alongside interactive interpretability displays.
43,I dont have any,No Specific Tool / Feedback,Indicated absence of an idea.
44,"it is a tool that, given the specifications, already throws away the skeleton of the application",Software Eng & MLOps; AI & Automation,Demands architectural template generation (skeleton frameworks) automatically built based on configuration inputs.
45,"an autoML tool like mljar, with a better SHAP integration + evaluation plots, wich also is connected to MLFlow so for the model exploratory part I can run a simple pipeline with the data and starting getting insights to further develop the model.",AI & Automation; Visualization & Reporting; Software Eng & MLOps,Combines machine learning automation with visualization tools (SHAP plots) and explicit platform connections to pipeline tracking infrastructure (MLFlow).
46,"a tool that instantly takes the data that i want from a data file, without making a script, and also makes the corresponding graphs",AI & Automation; Visual Coding & IDEs; Visualization & Reporting,"Demands scriptless, automated data ingestion mapped instantaneously to downstream chart rendering outputs."
47,A tool that collects and analyzes the data on your behalf. an automated tool.,AI & Automation; Data Mgmt & Quality,Focuses purely on an autonomous agent pipeline that handles extraction and analysis without manual programming.
48,econometric trend analysis,Visualization & Reporting,Mentions an analytical output configuration tailored to specialized economic calculations.
49,i dont know,No Specific Tool / Feedback,Missing specific requirement.
50,A tool that connects  a data mining tool such as Celonis and an accounting software in one tool.,Data Mgmt & Quality,Focuses on structural enterprise software interconnectivity and operational dataset integration.
51,Don't have one specific in mind.,No Specific Tool / Feedback,Clear neutral answer showing no active tool requirements.
52,"I'd like to have a single tool that load data, clean it, model it and prepare reports for business people.",All-in-One Platforms; Visualization & Reporting,Targets an end-to-end ingestion and configuration suite that culminates directly in client-ready business presentation artifacts.
53,An AI tool which can analyse and model the data,AI & Automation,Focuses broadly on using AI algorithms to automate deep analytical modeling.
54,I would say a tool that uses AI to reduce the effort of coding and data sourcing which has an easy to use user interface to clearly state the outcome.,AI & Automation; Visual Coding & IDEs; Visualization & Reporting,Intersects AI generation (reducing coding overhead) with clean UI delivery environments for direct insight reporting.
55,"I want an all-encompassing analytical platform that would integrate data from disparate sources, cleanses and processes, using advanced AI algorithms and provides actionable insights.",All-in-One Platforms; AI & Automation; Data Mgmt & Quality; Visualization & Reporting,"Combines data ingestion, preprocessing requirements, advanced algorithm execution, and delivery of insights into a single unified workspace."
